<assembly
        xmlns="http://maven.apache.org/plugins/maven-assembly-plugin/assembly/1.1.2"
        xmlns:xsi="http://www.w3.org/2001/XMLSchema-instance"
        xsi:schemaLocation="http://maven.apache.org/xsd/assembly-1.1.2.xsd">
    <id>weka</id>
    <formats>
        <format>zip</format>
    </formats>
    <includeBaseDirectory>false</includeBaseDirectory>
    <dependencySets>
        <dependencySet>
            <outputDirectory></outputDirectory>
            <unpack>false</unpack>
            <includes>
                <include>${groupId}:${artifactId}</include>
            </includes>
        </dependencySet>
        <dependencySet>
            <outputDirectory>lib</outputDirectory>
            <unpack>false</unpack>
            <includes>
                <include>nz.ac.waikato.cms.weka:weka-dev</include>

            </includes>
        </dependencySet>
    </dependencySets>
    <fileSets>
        <fileSet>
            <directory>${basedir}/src/main/resources/</directory>
            <outputDirectory></outputDirectory>
            <includes>
                <include>Description.props</include>
                <include>GenericPropertiesCreator.props</include>
                <include>GUIEditors.props</include>
            </includes>
        </fileSet>
        <fileSet>
            <directory>${project.basedir}</directory>
            <outputDirectory>doc</outputDirectory>
            <includes>
                <include>LICENSE*</include>
                <include>README*</include>
            </includes>
        </fileSet>
        <fileSet>
            <directory>${project.build.directory}/site</directory>
            <outputDirectory>doc</outputDirectory>
        </fileSet>
        <fileSet>
            <directory>${project.basedir}/src</directory>
            <useDefaultExcludes>true</useDefaultExcludes>
            <excludes>
                <exclude>**/target/**</exclude>
            </excludes>
        </fileSet>
    </fileSets>
</assembly>